Workbook

Sheet Detailed Steps
A1: Ticket ID | B1: Epic | C1: Ticket / Task | D1: Step # | E1: Detailed implementation step | F1: Effort (hours) | G1: Effort (days) | H1: Status | I1: Evidence / notes
A2: VCCI-AI-01 | B2: VCCI Desktop | C2: Develop Java Swing AI Chatbot client | D2: 1 | E2: Create Swing window and layout | F2: 4 | G2: =F2/8 -> 0.5 | H2: Implemented / verify acceptance | I2: Planning estimate; not time logged
A3: VCCI-AI-01 | B3: VCCI Desktop | C3: Develop Java Swing AI Chatbot client | D3: 2 | E3: Build prompt and response panels | F3: 6 | G3: =F3/8 -> 0.75 | H3: Implemented / verify acceptance
A4: VCCI-AI-01 | B4: VCCI Desktop | C4: Develop Java Swing AI Chatbot client | D4: 3 | E4: Connect chatbot to VCCI launcher | F4: 4 | G4: =F4/8 -> 0.5 | H4: Implemented / verify acceptance
A5: VCCI-AI-01 | B5: VCCI Desktop | C5: Develop Java Swing AI Chatbot client | D5: 4 | E5: Implement background message dispatch | F5: 6 | G5: =F5/8 -> 0.75 | H5: Implemented / verify acceptance
A6: VCCI-AI-01 | B6: VCCI Desktop | C6: Develop Java Swing AI Chatbot client | D6: 5 | E6: Test launch and response display | F6: 4 | G6: =F6/8 -> 0.5 | H6: Implemented / verify acceptance
A7: VCCI-AI-02 | B7: VCCI Desktop | C7: Implement agent selection and chat controls | D7: 1 | E7: Populate dropdown with agent entries | F7: 3 | G7: =F7/8 -> 0.375 | H7: Implemented / verify acceptance | I7: Planning estimate; not time logged
A8: VCCI-AI-02 | B8: VCCI Desktop | C8: Implement agent selection and chat controls | D8: 2 | E8: Add AUTO and manual selection behavior | F8: 3 | G8: =F8/8 -> 0.375 | H8: Implemented / verify acceptance
A9: VCCI-AI-02 | B9: VCCI Desktop | C9: Implement agent selection and chat controls | D9: 3 | E9: Wire Refresh and New Chat actions | F9: 2 | G9: =F9/8 -> 0.25 | H9: Implemented / verify acceptance
A10: VCCI-AI-02 | B10: VCCI Desktop | C10: Implement agent selection and chat controls | D10: 4 | E10: Wire Send and Close actions | F10: 2 | G10: =F10/8 -> 0.25 | H10: Implemented / verify acceptance
A11: VCCI-AI-02 | B11: VCCI Desktop | C11: Implement agent selection and chat controls | D11: 5 | E11: Test button behavior and state | F11: 2 | G11: =F11/8 -> 0.25 | H11: Implemented / verify acceptance
A12: VCCI-AI-03 | B12: VCCI Desktop | C12: Display dynamic friendly agent names | D12: 1 | E12: Read friendly names from discovery metadata | F12: 2 | G12: =F12/8 -> 0.25 | H12: Implemented / verify acceptance | I12: VCCI a52acac
A13: VCCI-AI-03 | B13: VCCI Desktop | C13: Display dynamic friendly agent names | D13: 2 | E13: Preserve internal agent IDs separately | F13: 2 | G13: =F13/8 -> 0.25 | H13: Implemented / verify acceptance
A14: VCCI-AI-03 | B14: VCCI Desktop | C14: Display dynamic friendly agent names | D14: 3 | E14: Update AgentInfo and dropdown renderer | F14: 2 | G14: =F14/8 -> 0.25 | H14: Implemented / verify acceptance
A15: VCCI-AI-03 | B15: VCCI Desktop | C15: Display dynamic friendly agent names | D15: 4 | E15: Verify refresh and renamed agents | F15: 2 | G15: =F15/8 -> 0.25 | H15: Implemented / verify acceptance
A16: VCCI-AI-04 | B16: VCCI Desktop | C16: Implement conversation context and session tracking | D16: 1 | E16: Generate UUID contextId | F16: 2 | G16: =F16/8 -> 0.25 | H16: Implemented / verify acceptance | I16: Planning estimate; not time logged
A17: VCCI-AI-04 | B17: VCCI Desktop | C17: Implement conversation context and session tracking | D17: 2 | E17: Track previousAgentId and lastAutoSelectedAgent | F17: 3 | G17: =F17/8 -> 0.375 | H17: Implemented / verify acceptance
A18: VCCI-AI-04 | B18: VCCI Desktop | C18: Implement conversation context and session tracking | D18: 3 | E18: Preserve context across messages | F18: 2 | G18: =F18/8 -> 0.25 | H18: Implemented / verify acceptance
A19: VCCI-AI-04 | B19: VCCI Desktop | C19: Implement conversation context and session tracking | D19: 4 | E19: Reset context for New Chat | F19: 2 | G19: =F19/8 -> 0.25 | H19: Implemented / verify acceptance
A20: VCCI-AI-04 | B20: VCCI Desktop | C20: Implement conversation context and session tracking | D20: 5 | E20: Test switching agents and sessions | F20: 3 | G20: =F20/8 -> 0.375 | H20: Implemented / verify acceptance
A21: VCCI-AI-05 | B21: VCCI Desktop | C21: Implement response and status handling | D21: 1 | E21: Show outgoing prompt and pending status | F21: 2 | G21: =F21/8 -> 0.25 | H21: Implemented / verify acceptance | I21: Planning estimate; not time logged
A22: VCCI-AI-05 | B22: VCCI Desktop | C22: Implement response and status handling | D22: 2 | E22: Render successful responses | F22: 2 | G22: =F22/8 -> 0.25 | H22: Implemented / verify acceptance
A23: VCCI-AI-05 | B23: VCCI Desktop | C23: Implement response and status handling | D23: 3 | E23: Handle timeouts and connection errors | F23: 2 | G23: =F23/8 -> 0.25 | H23: Implemented / verify acceptance
A24: VCCI-AI-05 | B24: VCCI Desktop | C24: Implement response and status handling | D24: 4 | E24: Test UI responsiveness | F24: 2 | G24: =F24/8 -> 0.25 | H24: Implemented / verify acceptance
A25: VCCI-AI-06 | B25: AI Core Discovery | C25: Integrate VCCI with AI Core agent discovery | D25: 1 | E25: Inspect AI Core discovery contract | F25: 3 | G25: =F25/8 -> 0.375 | H25: Implemented / verify acceptance | I25: Planning estimate; not time logged
A26: VCCI-AI-06 | B26: AI Core Discovery | C26: Integrate VCCI with AI Core agent discovery | D26: 2 | E26: Connect AIService and VCCIControlPanel | F26: 4 | G26: =F26/8 -> 0.5 | H26: Implemented / verify acceptance
A27: VCCI-AI-06 | B27: AI Core Discovery | C27: Integrate VCCI with AI Core agent discovery | D27: 3 | E27: Map identifiers, commands, and metadata | F27: 3 | G27: =F27/8 -> 0.375 | H27: Implemented / verify acceptance
A28: VCCI-AI-06 | B28: AI Core Discovery | C28: Integrate VCCI with AI Core agent discovery | D28: 4 | E28: Populate chatbot agent list | F28: 3 | G28: =F28/8 -> 0.375 | H28: Implemented / verify acceptance
A29: VCCI-AI-06 | B29: AI Core Discovery | C29: Integrate VCCI with AI Core agent discovery | D29: 5 | E29: Test single and multiple agent discovery | F29: 3 | G29: =F29/8 -> 0.375 | H29: Implemented / verify acceptance
A30: VCCI-AI-07 | B30: AI Core Discovery | C30: Extend GetCommandsRequest with endpoint mappings | D30: 1 | E30: Review existing command data structure | F30: 1 | G30: =F30/8 -> 0.125 | H30: Implemented / verify acceptance | I30: AI Core bba708e1
A31: VCCI-AI-07 | B31: AI Core Discovery | C31: Extend GetCommandsRequest with endpoint mappings | D31: 2 | E31: Add jAgentURLs map | F31: 2 | G31: =F31/8 -> 0.25 | H31: Implemented / verify acceptance
A32: VCCI-AI-07 | B32: AI Core Discovery | C32: Extend GetCommandsRequest with endpoint mappings | D32: 3 | E32: Implement setter and getter | F32: 1 | G32: =F32/8 -> 0.125 | H32: Implemented / verify acceptance
A33: VCCI-AI-07 | B33: AI Core Discovery | C33: Extend GetCommandsRequest with endpoint mappings | D33: 4 | E33: Populate mapping from discovery | F33: 2 | G33: =F33/8 -> 0.25 | H33: Implemented / verify acceptance
A34: VCCI-AI-07 | B34: AI Core Discovery | C34: Extend GetCommandsRequest with endpoint mappings | D34: 5 | E34: Verify serialized/received values | F34: 2 | G34: =F34/8 -> 0.25 | H34: Implemented / verify acceptance
A35: VCCI-AI-08 | B35: AI Core Discovery | C35: Cache AI Service agents and endpoint URLs | D35: 1 | E35: Add agent and URL caches | F35: 2 | G35: =F35/8 -> 0.25 | H35: Implemented / verify acceptance | I35: Planning estimate; not time logged
A36: VCCI-AI-08 | B36: AI Core Discovery | C36: Cache AI Service agents and endpoint URLs | D36: 2 | E36: Populate from AI Core responses | F36: 2 | G36: =F36/8 -> 0.25 | H36: Implemented / verify acceptance
A37: VCCI-AI-08 | B37: AI Core Discovery | C37: Cache AI Service agents and endpoint URLs | D37: 3 | E37: Refresh cache on demand | F37: 2 | G37: =F37/8 -> 0.25 | H37: Implemented / verify acceptance
A38: VCCI-AI-08 | B38: AI Core Discovery | C38: Cache AI Service agents and endpoint URLs | D38: 4 | E38: Guard against empty or stale entries | F38: 2 | G38: =F38/8 -> 0.25 | H38: Implemented / verify acceptance
A39: VCCI-AI-09 | B39: AI Core Discovery | C39: Implement agent metadata and skill models | D39: 1 | E39: Define AgentInfo fields | F39: 2 | G39: =F39/8 -> 0.25 | H39: Implemented / verify acceptance | I39: Planning estimate; not time logged
A40: VCCI-AI-09 | B40: AI Core Discovery | C40: Implement agent metadata and skill models | D40: 2 | E40: Define AgentSkillInfo capabilities | F40: 2 | G40: =F40/8 -> 0.25 | H40: Implemented / verify acceptance
A41: VCCI-AI-09 | B41: AI Core Discovery | C41: Implement agent metadata and skill models | D41: 3 | E41: Add endpoint/type/friendly-name fields | F41: 2 | G41: =F41/8 -> 0.25 | H41: Implemented / verify acceptance
A42: VCCI-AI-09 | B42: AI Core Discovery | C42: Implement agent metadata and skill models | D42: 4 | E42: Integrate and test model mapping | F42: 2 | G42: =F42/8 -> 0.25 | H42: Implemented / verify acceptance
A43: VCCI-AI-10 | B43: AI Core Discovery | C43: Validate discovery refresh and failure recovery | D43: 1 | E43: Test zero/one/many agents | F43: 2 | G43: =F43/8 -> 0.25 | H43: Validation required | I43: Planning estimate; not time logged
A44: VCCI-AI-10 | B44: AI Core Discovery | C44: Validate discovery refresh and failure recovery | D44: 2 | E44: Restart services and refresh | F44: 3 | G44: =F44/8 -> 0.375 | H44: Validation required
A45: VCCI-AI-10 | B45: AI Core Discovery | C45: Validate discovery refresh and failure recovery | D45: 3 | E45: Test stale URL prevention | F45: 3 | G45: =F45/8 -> 0.375 | H45: Validation required
A46: VCCI-AI-10 | B46: AI Core Discovery | C46: Validate discovery refresh and failure recovery | D46: 4 | E46: Test malformed metadata | F46: 2 | G46: =F46/8 -> 0.25 | H46: Validation required
A47: VCCI-AI-10 | B47: AI Core Discovery | C47: Validate discovery refresh and failure recovery | D47: 5 | E47: Record results and defects | F47: 2 | G47: =F47/8 -> 0.25 | H47: Validation required
A48: VCCI-AI-11 | B48: Intelligent Routing | C48: Implement manual routing to discovered endpoints | D48: 1 | E48: Resolve selected internal agent ID | F48: 2 | G48: =F48/8 -> 0.25 | H48: Implemented / verify acceptance | I48: Planning estimate; not time logged
A49: VCCI-AI-11 | B49: Intelligent Routing | C49: Implement manual routing to discovered endpoints | D49: 2 | E49: Look up discovered endpoint URL | F49: 2 | G49: =F49/8 -> 0.25 | H49: Implemented / verify acceptance
A50: VCCI-AI-11 | B50: Intelligent Routing | C50: Implement manual routing to discovered endpoints | D50: 3 | E50: Pass URL to SendMessageClient | F50: 3 | G50: =F50/8 -> 0.375 | H50: Implemented / verify acceptance
A51: VCCI-AI-11 | B51: Intelligent Routing | C51: Implement manual routing to discovered endpoints | D51: 4 | E51: Remove default-endpoint assumption | F51: 2 | G51: =F51/8 -> 0.25 | H51: Implemented / verify acceptance
A52: VCCI-AI-11 | B52: Intelligent Routing | C52: Implement manual routing to discovered endpoints | D52: 5 | E52: Test per-agent dispatch and errors | F52: 3 | G52: =F52/8 -> 0.375 | H52: Implemented / verify acceptance
A53: VCCI-AI-12 | B53: Intelligent Routing | C53: Implement prompt-based automatic agent selection | D53: 1 | E53: Detect AUTO selection and collect agents | F53: 3 | G53: =F53/8 -> 0.375 | H53: Implemented / verify acceptance | I53: Planning estimate; not time logged
A54: VCCI-AI-12 | B54: Intelligent Routing | C54: Implement prompt-based automatic agent selection | D54: 2 | E54: Build router payload with agents field | F54: 4 | G54: =F54/8 -> 0.5 | H54: Implemented / verify acceptance
A55: VCCI-AI-12 | B55: Intelligent Routing | C55: Implement prompt-based automatic agent selection | D55: 3 | E55: Call /router/select | F55: 4 | G55: =F55/8 -> 0.5 | H55: Implemented / verify acceptance
A56: VCCI-AI-12 | B56: Intelligent Routing | C56: Implement prompt-based automatic agent selection | D56: 4 | E56: Parse selection, confidence, and reason | F56: 3 | G56: =F56/8 -> 0.375 | H56: Implemented / verify acceptance
A57: VCCI-AI-12 | B57: Intelligent Routing | C57: Implement prompt-based automatic agent selection | D57: 5 | E57: Resolve selected agent endpoint | F57: 3 | G57: =F57/8 -> 0.375 | H57: Implemented / verify acceptance
A58: VCCI-AI-12 | B58: Intelligent Routing | C58: Implement prompt-based automatic agent selection | D58: 6 | E58: Send prompt to selected agent | F58: 4 | G58: =F58/8 -> 0.5 | H58: Implemented / verify acceptance
A59: VCCI-AI-12 | B59: Intelligent Routing | C59: Implement prompt-based automatic agent selection | D59: 7 | E59: Test translation and dice prompts | F59: 3 | G59: =F59/8 -> 0.375 | H59: Implemented / verify acceptance
A60: VCCI-AI-13 | B60: Intelligent Routing | C60: Develop AgentRouterClient and response models | D60: 1 | E60: Define routing result and exception types | F60: 2 | G60: =F60/8 -> 0.25 | H60: Implemented / verify acceptance | I60: Planning estimate; not time logged
A61: VCCI-AI-13 | B61: Intelligent Routing | C61: Develop AgentRouterClient and response models | D61: 2 | E61: Implement HTTP client and serialization | F61: 3 | G61: =F61/8 -> 0.375 | H61: Implemented / verify acceptance
A62: VCCI-AI-13 | B62: Intelligent Routing | C62: Develop AgentRouterClient and response models | D62: 3 | E62: Parse response and errors | F62: 2 | G62: =F62/8 -> 0.25 | H62: Implemented / verify acceptance
A63: VCCI-AI-13 | B63: Intelligent Routing | C63: Develop AgentRouterClient and response models | D63: 4 | E63: Integrate client with chatbot | F63: 3 | G63: =F63/8 -> 0.375 | H63: Implemented / verify acceptance
A64: VCCI-AI-13 | B64: Intelligent Routing | C64: Develop AgentRouterClient and response models | D64: 5 | E64: Unit test success and failure paths | F64: 2 | G64: =F64/8 -> 0.25 | H64: Implemented / verify acceptance
A65: VCCI-AI-14 | B65: Intelligent Routing | C65: Implement routing confidence and fallback handling | D65: 1 | E65: Specify confidence interpretation | F65: 2 | G65: =F65/8 -> 0.25 | H65: Validation required | I65: Planning estimate; not time logged
A66: VCCI-AI-14 | B66: Intelligent Routing | C66: Implement routing confidence and fallback handling | D66: 2 | E66: Validate selected agent against registry | F66: 2 | G66: =F66/8 -> 0.25 | H66: Validation required
A67: VCCI-AI-14 | B67: Intelligent Routing | C67: Implement routing confidence and fallback handling | D67: 3 | E67: Handle missing URLs and low confidence | F67: 3 | G67: =F67/8 -> 0.375 | H67: Validation required
A68: VCCI-AI-14 | B68: Intelligent Routing | C68: Implement routing confidence and fallback handling | D68: 4 | E68: Design no-match response behavior | F68: 3 | G68: =F68/8 -> 0.375 | H68: Validation required
A69: VCCI-AI-14 | B69: Intelligent Routing | C69: Implement routing confidence and fallback handling | D69: 5 | E69: Add logs and tests | F69: 2 | G69: =F69/8 -> 0.25 | H69: Validation required
A70: VCCI-AI-15 | B70: Intelligent Routing | C70: Resolve automatic routing failures | D70: 1 | E70: Reproduce no-suitable-agent failures | F70: 3 | G70: =F70/8 -> 0.375 | H70: Validation required | I70: Planning estimate; not time logged
A71: VCCI-AI-15 | B71: Intelligent Routing | C71: Resolve automatic routing failures | D71: 2 | E71: Capture payloads and responses | F71: 3 | G71: =F71/8 -> 0.375 | H71: Validation required
A72: VCCI-AI-15 | B72: Intelligent Routing | C72: Resolve automatic routing failures | D72: 3 | E72: Inspect agent metadata and matching | F72: 3 | G72: =F72/8 -> 0.375 | H72: Validation required
A73: VCCI-AI-15 | B73: Intelligent Routing | C73: Resolve automatic routing failures | D73: 4 | E73: Correct request/response inconsistencies | F73: 4 | G73: =F73/8 -> 0.5 | H73: Validation required
A74: VCCI-AI-15 | B74: Intelligent Routing | C74: Resolve automatic routing failures | D74: 5 | E74: Add regression scenarios and retest | F74: 3 | G74: =F74/8 -> 0.375 | H74: Validation required
A75: VCCI-AI-16 | B75: Python A2A / Cohere | C75: Implement FastAPI discovery and routing endpoints | D75: 1 | E75: Configure FastAPI app and Uvicorn | F75: 3 | G75: =F75/8 -> 0.375 | H75: Implemented / verify acceptance | I75: Planning estimate; not time logged
A76: VCCI-AI-16 | B76: Python A2A / Cohere | C76: Implement FastAPI discovery and routing endpoints | D76: 2 | E76: Implement /agents endpoint | F76: 3 | G76: =F76/8 -> 0.375 | H76: Implemented / verify acceptance
A77: VCCI-AI-16 | B77: Python A2A / Cohere | C77: Implement FastAPI discovery and routing endpoints | D77: 3 | E77: Implement /router/select endpoint | F77: 4 | G77: =F77/8 -> 0.5 | H77: Implemented / verify acceptance
A78: VCCI-AI-16 | B78: Python A2A / Cohere | C78: Implement FastAPI discovery and routing endpoints | D78: 4 | E78: Define request and response schemas | F78: 3 | G78: =F78/8 -> 0.375 | H78: Implemented / verify acceptance
A79: VCCI-AI-16 | B79: Python A2A / Cohere | C79: Implement FastAPI discovery and routing endpoints | D79: 5 | E79: Test endpoints and error cases | F79: 3 | G79: =F79/8 -> 0.375 | H79: Implemented / verify acceptance
A80: VCCI-AI-17 | B80: Python A2A / Cohere | C80: Implement A2A JSON-RPC message handling | D80: 1 | E80: Configure A2A routes | F80: 3 | G80: =F80/8 -> 0.375 | H80: Implemented / verify acceptance | I80: Planning estimate; not time logged
A81: VCCI-AI-17 | B81: Python A2A / Cohere | C81: Implement A2A JSON-RPC message handling | D81: 2 | E81: Implement JSON-RPC request parsing | F81: 4 | G81: =F81/8 -> 0.5 | H81: Implemented / verify acceptance
A82: VCCI-AI-17 | B82: Python A2A / Cohere | C82: Implement A2A JSON-RPC message handling | D82: 3 | E82: Support SendStreamingMessage operation | F82: 3 | G82: =F82/8 -> 0.375 | H82: Implemented / verify acceptance
A83: VCCI-AI-17 | B83: Python A2A / Cohere | C83: Implement A2A JSON-RPC message handling | D83: 4 | E83: Connect handler to execution logic | F83: 3 | G83: =F83/8 -> 0.375 | H83: Implemented / verify acceptance
A84: VCCI-AI-17 | B84: Python A2A / Cohere | C84: Implement A2A JSON-RPC message handling | D84: 5 | E84: Test protocol responses and errors | F84: 3 | G84: =F84/8 -> 0.375 | H84: Implemented / verify acceptance
A85: VCCI-AI-18 | B85: Python A2A / Cohere | C85: Develop router, orchestrator, and executor | D85: 1 | E85: Define component responsibilities | F85: 3 | G85: =F85/8 -> 0.375 | H85: Validation required | I85: Planning estimate; not time logged
A86: VCCI-AI-18 | B86: Python A2A / Cohere | C86: Develop router, orchestrator, and executor | D86: 2 | E86: Implement agent_router logic | F86: 5 | G86: =F86/8 -> 0.625 | H86: Validation required
A87: VCCI-AI-18 | B87: Python A2A / Cohere | C87: Develop router, orchestrator, and executor | D87: 3 | E87: Implement agent_orchestrator coordination | F87: 5 | G87: =F87/8 -> 0.625 | H87: Validation required
A88: VCCI-AI-18 | B88: Python A2A / Cohere | C88: Develop router, orchestrator, and executor | D88: 4 | E88: Implement agent_executor dispatch | F88: 5 | G88: =F88/8 -> 0.625 | H88: Validation required
A89: VCCI-AI-18 | B89: Python A2A / Cohere | C89: Develop router, orchestrator, and executor | D89: 5 | E89: Align shared data models | F89: 3 | G89: =F89/8 -> 0.375 | H89: Validation required
A90: VCCI-AI-18 | B90: Python A2A / Cohere | C90: Develop router, orchestrator, and executor | D90: 6 | E90: Test cross-component error handling | F90: 3 | G90: =F90/8 -> 0.375 | H90: Validation required
A91: VCCI-AI-19 | B91: Python A2A / Cohere | C91: Integrate Cohere North LLM | D91: 1 | E91: Externalize North endpoint and credentials | F91: 2 | G91: =F91/8 -> 0.25 | H91: Validation required | I91: Planning estimate; not time logged
A92: VCCI-AI-19 | B92: Python A2A / Cohere | C92: Integrate Cohere North LLM | D92: 2 | E92: Initialize North client | F92: 3 | G92: =F92/8 -> 0.375 | H92: Validation required
A93: VCCI-AI-19 | B93: Python A2A / Cohere | C93: Integrate Cohere North LLM | D93: 3 | E93: Define LLM routing/execution prompts | F93: 3 | G93: =F93/8 -> 0.375 | H93: Validation required
A94: VCCI-AI-19 | B94: Python A2A / Cohere | C94: Integrate Cohere North LLM | D94: 4 | E94: Parse and validate model output | F94: 3 | G94: =F94/8 -> 0.375 | H94: Validation required
A95: VCCI-AI-19 | B95: Python A2A / Cohere | C95: Integrate Cohere North LLM | D95: 5 | E95: Handle API errors and timeouts | F95: 2 | G95: =F95/8 -> 0.25 | H95: Validation required
A96: VCCI-AI-19 | B96: Python A2A / Cohere | C96: Integrate Cohere North LLM | D96: 6 | E96: Run integration tests | F96: 3 | G96: =F96/8 -> 0.375 | H96: Validation required
A97: VCCI-AI-20 | B97: Python A2A / Cohere | C97: Validate multi-agent interoperability | D97: 1 | E97: Verify discovered endpoints and skills | F97: 2 | G97: =F97/8 -> 0.25 | H97: Validation required | I97: Planning estimate; not time logged
A98: VCCI-AI-20 | B98: Python A2A / Cohere | C98: Validate multi-agent interoperability | D98: 2 | E98: Test translation and dice agents | F98: 3 | G98: =F98/8 -> 0.375 | H98: Validation required
A99: VCCI-AI-20 | B99: Python A2A / Cohere | C99: Validate multi-agent interoperability | D99: 3 | E99: Test speech/social/structured-text/database agents | F99: 4 | G99: =F99/8 -> 0.5 | H99: Validation required
A100: VCCI-AI-20 | B100: Python A2A / Cohere | C100: Validate multi-agent interoperability | D100: 4 | E100: Test manual versus AUTO flows | F100: 3 | G100: =F100/8 -> 0.375 | H100: Validation required
...

Sheet Ticket Summary
A1: Ticket ID | B1: Epic | C1: Ticket / Task | D1: Total hours | E1: Total days | F1: Status | G1: Step count | H1: Detail source range
A2: VCCI-AI-01 | B2: VCCI Desktop | C2: Develop Java Swing AI Chatbot client | D2: =SUMIF('Detailed Steps'!$A$2:$A$125,A2,'Detailed Steps'!$F$2:$F$125) -> 24 | E2: =D2/8 -> 3 | F2: Implemented / verify acceptance | G2: 5 | H2: 'Detailed Steps'!F2:F6
A3: VCCI-AI-02 | B3: VCCI Desktop | C3: Implement agent selection and chat controls | D3: =SUMIF('Detailed Steps'!$A$2:$A$125,A3,'Detailed Steps'!$F$2:$F$125) -> 12 | E3: =D3/8 -> 1.5 | F3: Implemented / verify acceptance | G3: 5 | H3: 'Detailed Steps'!F7:F11
A4: VCCI-AI-03 | B4: VCCI Desktop | C4: Display dynamic friendly agent names | D4: =SUMIF('Detailed Steps'!$A$2:$A$125,A4,'Detailed Steps'!$F$2:$F$125) -> 8 | E4: =D4/8 -> 1 | F4: Implemented / verify acceptance | G4: 4 | H4: 'Detailed Steps'!F12:F15
A5: VCCI-AI-04 | B5: VCCI Desktop | C5: Implement conversation context and session tracking | D5: =SUMIF('Detailed Steps'!$A$2:$A$125,A5,'Detailed Steps'!$F$2:$F$125) -> 12 | E5: =D5/8 -> 1.5 | F5: Implemented / verify acceptance | G5: 5 | H5: 'Detailed Steps'!F16:F20
A6: VCCI-AI-05 | B6: VCCI Desktop | C6: Implement response and status handling | D6: =SUMIF('Detailed Steps'!$A$2:$A$125,A6,'Detailed Steps'!$F$2:$F$125) -> 8 | E6: =D6/8 -> 1 | F6: Implemented / verify acceptance | G6: 4 | H6: 'Detailed Steps'!F21:F24
A7: VCCI-AI-06 | B7: AI Core Discovery | C7: Integrate VCCI with AI Core agent discovery | D7: =SUMIF('Detailed Steps'!$A$2:$A$125,A7,'Detailed Steps'!$F$2:$F$125) -> 16 | E7: =D7/8 -> 2 | F7: Implemented / verify acceptance | G7: 5 | H7: 'Detailed Steps'!F25:F29
A8: VCCI-AI-07 | B8: AI Core Discovery | C8: Extend GetCommandsRequest with endpoint mappings | D8: =SUMIF('Detailed Steps'!$A$2:$A$125,A8,'Detailed Steps'!$F$2:$F$125) -> 8 | E8: =D8/8 -> 1 | F8: Implemented / verify acceptance | G8: 5 | H8: 'Detailed Steps'!F30:F34
A9: VCCI-AI-08 | B9: AI Core Discovery | C9: Cache AI Service agents and endpoint URLs | D9: =SUMIF('Detailed Steps'!$A$2:$A$125,A9,'Detailed Steps'!$F$2:$F$125) -> 8 | E9: =D9/8 -> 1 | F9: Implemented / verify acceptance | G9: 4 | H9: 'Detailed Steps'!F35:F38
A10: VCCI-AI-09 | B10: AI Core Discovery | C10: Implement agent metadata and skill models | D10: =SUMIF('Detailed Steps'!$A$2:$A$125,A10,'Detailed Steps'!$F$2:$F$125) -> 8 | E10: =D10/8 -> 1 | F10: Implemented / verify acceptance | G10: 4 | H10: 'Detailed Steps'!F39:F42
A11: VCCI-AI-10 | B11: AI Core Discovery | C11: Validate discovery refresh and failure recovery | D11: =SUMIF('Detailed Steps'!$A$2:$A$125,A11,'Detailed Steps'!$F$2:$F$125) -> 12 | E11: =D11/8 -> 1.5 | F11: Validation required | G11: 5 | H11: 'Detailed Steps'!F43:F47
A12: VCCI-AI-11 | B12: Intelligent Routing | C12: Implement manual routing to discovered endpoints | D12: =SUMIF('Detailed Steps'!$A$2:$A$125,A12,'Detailed Steps'!$F$2:$F$125) -> 12 | E12: =D12/8 -> 1.5 | F12: Implemented / verify acceptance | G12: 5 | H12: 'Detailed Steps'!F48:F52
A13: VCCI-AI-12 | B13: Intelligent Routing | C13: Implement prompt-based automatic agent selection | D13: =SUMIF('Detailed Steps'!$A$2:$A$125,A13,'Detailed Steps'!$F$2:$F$125) -> 24 | E13: =D13/8 -> 3 | F13: Implemented / verify acceptance | G13: 7 | H13: 'Detailed Steps'!F53:F59
... A26: VCCI-AI-25 | B26: Delivery / Testing | C26: Integration tests, documentation, and release evidence | D26: =SUMIF('Detailed Steps'!$A$2:$A$125,A26,'Detailed Steps'!$F$2:$F$125) -> 16 | E26: =D26/8 -> 2 | F26: Validation required | G26: 5 | H26: 'Detailed Steps'!F121:F125
A27: TOTAL | D27: =SUM(D2:D26) -> 336 | E27: =D27/8 -> 42

Sheet Epic Summary
A1: Epic | B1: Ticket count | C1: Estimated hours | D1: Estimated days
A2: VCCI Desktop | B2: =COUNTIF('Ticket Summary'!$B$2:$B$26,A2) -> 5 | C2: =SUMIF('Ticket Summary'!$B$2:$B$26,A2,'Ticket Summary'!$D$2:$D$26) -> 64 | D2: =C2/8 -> 8
A3: AI Core Discovery | B3: =COUNTIF('Ticket Summary'!$B$2:$B$26,A3) -> 5 | C3: =SUMIF('Ticket Summary'!$B$2:$B$26,A3,'Ticket Summary'!$D$2:$D$26) -> 52 | D3: =C3/8 -> 6.5
A4: Intelligent Routing | B4: =COUNTIF('Ticket Summary'!$B$2:$B$26,A4) -> 5 | C4: =SUMIF('Ticket Summary'!$B$2:$B$26,A4,'Ticket Summary'!$D$2:$D$26) -> 76 | D4: =C4/8 -> 9.5
A5: Python A2A / Cohere | B5: =COUNTIF('Ticket Summary'!$B$2:$B$26,A5) -> 5 | C5: =SUMIF('Ticket Summary'!$B$2:$B$26,A5,'Ticket Summary'!$D$2:$D$26) -> 88 | D5: =C5/8 -> 11
A6: Build / Runtime | B6: =COUNTIF('Ticket Summary'!$B$2:$B$26,A6) -> 3 | C6: =SUMIF('Ticket Summary'!$B$2:$B$26,A6,'Ticket Summary'!$D$2:$D$26) -> 28 | D6: =C6/8 -> 3.5
A7: Delivery / Testing | B7: =COUNTIF('Ticket Summary'!$B$2:$B$26,A7) -> 2 | C7: =SUMIF('Ticket Summary'!$B$2:$B$26,A7,'Ticket Summary'!$D$2:$D$26) -> 28 | D7: =C7/8 -> 3.5
A8: TOTAL | B8: =SUM(B2:B7) -> 25 | C8: =SUM(C2:C7) -> 336 | D8: =SUM(D2:D7) -> 42
A10: Planning assumptions | B10: Value
A11: Hours per day | B11: 8
A12: Contingency low | B12: 0.15
A13: Contingency high | B13: 0.2
A15: Total with 15% contingency (hours) | B15: =C8*(1+B12) -> 386.4
A16: Total with 20% contingency (hours) | B16: =C8*(1+B13) -> 403.2

Sheet Read Me
A1: VCCI–Cohere AI Integration — Effort Planning
A2: Workbook purpose | B2: Retrospective planning estimates with per-step breakdown for 25 proposed GitLab tickets.
A3: Detailed Steps | B3: One row per implementation step, with estimated hours and calculated days.
A4: Ticket Summary | B4: One row per GitLab ticket; total effort calculated from Detailed Steps.
A5: Epic Summary | B5: Formula-driven epic totals, contingency assumptions, and chart.
A6: Estimate basis | B6: 1 developer-day = 8 hours; estimates are not actual time worked.
A7: Status caveat | B7: Implemented indicates prior demonstration; verify acceptance and CI before closure.
A8: Scope | B8: Java Swing VCCI, AI Core Micronaut, FastAPI/A2A, Cohere North, routing, Git recovery.

Sheet Sheet1
